replicate,log_rr,rr
1,1.1857702181376126,3.273206934171968
2,1.1892361129383735,3.2845712073786
3,1.2349773207136878,3.438300541618462
4,1.2109185966495706,3.3565665676169543
5,1.2443703814122853,3.4707488632584473
6,1.2188310874284933,3.3832307204492302
7,1.307214256421953,3.695863629882601
8,1.1946455111483723,3.3023869036432054
9,1.2259703132182969,3.4074707931810315
10,1.2574816493192031,3.5165544096544914
11,1.2047550833169445,3.3359419501700707
12,1.2578813906911108,3.517960402936714
13,1.2102860551370571,3.354444071277713
14,1.2274187021683263,3.4124097120997985
15,1.253090826763569,3.50114769206859
16,1.2036336989391432,3.3322031736764677
17,1.3126632745220244,3.7160574259114427
18,1.2521471171221021,3.4978451837849374
19,1.2808761354226224,3.599792249852701
20,1.2517415347971643,3.4964268072566935
21,1.250321809116832,3.491466362397703
22,1.1107304044461608,3.0365755128962397
23,1.2037062226447224,3.3324448461617515
24,1.2360748100039045,3.4420761110839937
25,1.2091204213605269,3.350536295926679
26,1.283676126183407,3.609885759165061
27,1.212686244985265,3.3625050439464794
28,1.1960268531198797,3.3069517813821165
29,1.1720803283841694,3.2287024181206214
30,1.2766525794790184,3.5846203880571306
31,1.1499327143845277,3.157980415885027
32,1.165041610369034,3.206056285612522
33,1.2885546773937135,3.6275397997608425
34,1.2049836108872813,3.336704391994899
35,1.1376707459423236,3.119493802725162
36,1.135963882185709,3.1141737933714846
37,1.2793659332702259,3.594359938825157
38,1.2317109012870726,3.427087932446395
39,1.1769590602096944,3.2444928787540737
40,1.3107369907495157,3.7089061347135726
41,1.2330262836072732,3.431598829449183
42,1.208403661109567,3.348135625145834
43,1.2518740219011828,3.4968900694062524
44,1.2006601082268777,3.3223092827492735
45,1.2889261450232372,3.628887563681099
46,1.1651153961329013,3.2062928556522
47,1.2353232267460987,3.4394900762387897
48,1.288894342071737,3.6287721561810704
49,1.2238539128661095,3.4002668467006725
50,1.215145935212558,3.3707859447927344
51,1.2005434445947518,3.321921712689407
52,1.1653697333456328,3.207108438952503
53,1.188980528368162,3.283731828928893
54,1.2016454408501458,3.325584475782439
55,1.2347108441486279,3.437384437166093
56,1.2710944135629068,3.564751740963066
57,1.2387193025909928,3.451190702266571
58,1.3201348454197857,3.7439261945232967
59,1.261296082879348,3.5299936881331666
60,1.2706136349400992,3.5630382964571448
61,1.2800038243144083,3.5966534802767067
62,1.335275463791731,3.801042851896889
63,1.2012149648831174,3.3241531996763776
64,1.300672348459008,3.6717645431225394
65,1.1705835887418061,3.2238735059316665
66,1.2797527619483975,3.595750609287433
67,1.1647649690108213,3.205169480516302
68,1.1867615104837406,3.276453247910251
69,1.1468351796605092,3.148213596229724
70,1.2837202147204443,3.6100449172555518
71,1.2673665298493586,3.5514875001399777
72,1.2383329173846382,3.4498574708219474
73,1.2261998377529773,3.408252981091498
74,1.2943331269283291,3.6485620348958103
75,1.2525282769235446,3.4991786758813124
76,1.2142624776492372,3.367809313512785
77,1.2555504219615468,3.5097696970938457
78,1.1418335845022052,3.1325068185643983
79,1.2997092317769783,3.668229907844899
80,1.2862587340157858,3.619220727493253
81,1.1133068691629597,3.0444092298793546
82,1.2552923545115409,3.5088640566411957
83,1.252487349506021,3.49903546646527
84,1.2014166782081013,3.3248237933026012
85,1.2624581285713108,3.5340980863784024
86,1.2853446490593234,3.61591396383384
87,1.287545422264528,3.6238805334888458
88,1.259003085144187,3.5219086935807087
89,1.1740270031065885,3.234993773128292
90,1.2214376533045463,3.3920608373371945
91,1.2153993987939538,3.3716404245555958
92,1.034702255272532,2.8142681773550513
93,1.2463289113776421,3.477553089875234
94,1.2570588561527092,3.5150679487353873
95,1.2237765150186397,3.400003683550177
96,1.2691227562410157,3.557730196406788
97,1.2033585264247129,3.33128636909607
98,1.217806738920991,3.3797668874991387
99,1.2046189957889915,3.3354880009657903
100,1.267526008272443,3.5520539309316486
101,1.307949370097705,3.6985815086331675
102,1.2383234160454752,3.449824692711771
103,1.245984798829139,3.4763566260898298
104,1.212609296657495,3.3622463147607466
105,1.2761067871912297,3.5826644637074456
106,1.28563810099912,3.6169752165063764
107,1.2095906207050233,3.3521120863355116
108,1.2007391909691905,3.322572030467432
109,1.2239194631728605,3.4004897425408744
110,1.1378749006671338,3.1201307271373566
111,1.208708740214,3.3491572271906684
112,1.2395405815165212,3.4540262566894855
113,1.2625136780431412,3.534294409113259
114,1.2418239064423298,3.4619219317011725
115,1.2135056913797915,3.3652615658380327
116,1.1660256905501554,3.2092128549666845
117,1.20093202518652,3.323212797823399
118,1.146571512681183,3.1473836256832546
119,1.248698136238528,3.4858019629698567
120,1.1758780712606947,3.2409875127793186
121,1.1878062714074185,3.2798781470207743
122,1.1631745229776413,3.200075883049984
123,1.1896355352049501,3.2858834002970734
124,1.1580828974471582,3.183823705097445
125,1.2559440557736308,3.5111515330700884
126,1.2466096119393564,3.4785293779968547
127,1.3020508372572737,3.676829519619733
128,1.2690192331344863,3.557361908188162
129,1.2442555699115188,3.4703504042469495
130,1.3007749761357963,3.672141387124295
131,1.115396264098968,3.0507768530306594
132,1.1528098341262343,3.1670793868213134
133,1.2999091780060503,3.6689634299123837
134,1.2305171499280985,3.422999282470987
135,1.2352589540510885,3.439269018046208
136,1.1827528162871366,3.2633452393422453
137,1.1647832949041255,3.2052282186484367
138,1.2566498039506553,3.513630396487589
139,1.229563619388251,3.4197369037533303
140,1.1280392345122598,3.08959259059241
141,1.315794142329617,3.7277101425163894
142,1.167233858019946,3.213092464678902
143,1.2742204510965103,3.5759127244410647
144,1.260944009004886,3.5287510883348574
145,1.2502514425468423,3.491220688529262
146,1.3054436679614174,3.689325566205927
147,1.1981381439302368,3.31394109392785
148,1.2270057872493423,3.411000968085713
149,1.1482319624281447,3.1526140392458215
150,1.27977931496569,3.595846088583167
151,1.247766380313779,3.4825555590012924
152,1.2949669287470655,3.6508752331264875
153,1.2262012580979753,3.4082578219900093
154,1.2724277853721768,3.569508050701494
155,1.2643013173475484,3.5406181032704205
156,1.2643211085484296,3.540688177047966
157,1.2508677889833169,3.4933731532234145
158,1.148218608950339,3.152571941165297
159,1.3032452340094158,3.681223736552971
160,1.2586200994421943,3.520560111167719
161,1.2110463020030444,3.3569952465086423
162,1.155579813723917,3.175864293496119
163,1.223540356398175,3.3992008381738543
164,1.1955450854430436,3.3053589826152794
165,1.171096949656896,3.2255289414663997
166,1.1903250253230422,3.288149765659256
167,1.2257482850253576,3.4067143225803362
168,1.18105220421046,3.2578002712740606
169,1.3107317767388147,3.7088867964877124
170,1.2920995177536079,3.640421667843758
171,1.25542078945559,3.5093147463415204
172,1.2052419115665594,3.3375663763266776
173,1.1922110993823074,3.294357311740901
174,1.2797677153182923,3.595804378278356
175,1.243905764441603,3.4691366689910113
176,1.3312526696999167,3.785782753864993
177,1.154063849365245,3.1710534438788147
178,1.2162606237283828,3.374545416105176
179,1.1929279607783063,3.2967197559936876
180,1.2232603815538026,3.398249280660495
181,1.248209131936488,3.4840978075175375
182,1.2087955079041404,3.3494478384348394
183,1.2295238111486462,3.4196007727568656
184,1.2268367234498752,3.410424340046899
185,1.1196597157124106,3.0638114589886825
186,1.236299807851222,3.4428506579317095
187,1.2506341511810712,3.4925570645357675
188,1.2034525005553813,3.3315994385465983
189,1.2382795643653792,3.449673415419865
190,1.1365341446604083,3.1159501962853566
191,1.2000499853285587,3.320282884019564
192,1.2380481899038143,3.4488753414213282
193,1.1623678898872116,3.197495636746759
194,1.3505501755458258,3.8595483758089943
195,1.157059528524239,3.180567145476763
196,1.2212272222319465,3.391347117433926
197,1.248999935817041,3.4868541352976563
198,1.2628125874886758,3.535351001000224
199,1.2246929012902774,3.4031208282854823
200,1.1651113404290196,3.2062798519041897
201,1.2017279216276728,3.325858783888151
202,1.2118511074281273,3.3596980619693957
203,1.2587860508211353,3.5211444014533604
204,1.2882362054347558,3.626384713995592
205,1.2594846951800198,3.5236052886686418
206,1.2837999876209454,3.6103329124964954
207,1.2929632455047937,3.643567359379267
208,1.1773966296819494,3.245912880442803
209,1.2448455804027054,3.472398551548331
210,1.2386494397823296,3.4509496008129887
211,1.3453009453282958,3.8393417987345164
212,1.2566852254511949,3.5137548567528456
213,1.2023652046664544,3.327978972788962
214,1.3111189344413814,3.710322998579332
215,1.2205997284342998,3.389219735681301
216,1.1682494698951247,3.2163573772034053
217,1.3658147246864343,3.9189145881635343
218,1.1373168020946542,3.118389872462032
219,1.1405991324586096,3.128642274908307
220,1.311145114889179,3.710420137768477
221,1.226093260415285,3.4078897579186145
222,1.1780377820567516,3.247994672496145
223,1.1526495118802929,3.166571674240841
224,1.1715254596950937,3.226911409175807
225,1.2018042373879951,3.3261126090152735
226,1.273601952370879,3.5737017108030718
227,1.1418606565949603,3.1325916232274613
228,1.2394785731061786,3.453812084652329
229,1.1547863072413447,3.1733452241725573
230,1.24900197914293,3.486861260084262
231,1.1626912569375838,3.1985297686724756
232,1.2526671461730157,3.4996646379396092
233,1.2057605736099395,3.339297894320854
234,1.2872643853720793,3.6228622324618893
235,1.2660331831587044,3.5467552915731644
236,1.2330915042555728,3.431822647848255
237,1.1799113936535737,3.254085857456455
238,1.2068970399705792,3.343095051307809
239,1.1858061158067863,3.27332443678065
240,1.2333269314017565,3.4326306871739107
241,1.175504793075824,3.2397779486093636
242,1.1986258532796454,3.315557728174522
243,1.2201461940861797,3.3876829566352265
244,1.1892776450277205,3.284707625316293
245,1.1912008760139359,3.2910309554651285
246,1.2365253871340416,3.4436273813170395
247,1.3547622639507253,3.875839420344905
248,1.213727626276257,3.3660085176995027
249,1.208828651694503,3.34955885367155
250,1.1398964781561465,3.126444693113543
251,1.2953992102237248,3.6524537800270735
252,1.2961511337432663,3.6552011787157137
253,1.1074918760601355,3.0267573836276807
254,1.1477878366191387,3.1512141928621213
255,1.3133007135891277,3.718426941220899
256,1.1170425840638722,3.0558035445081906
257,1.2561024041618831,3.5117075622782625
258,1.1706450525364134,3.224071663520371
259,1.372850825135023,3.9465856990544594
260,1.1878429910924648,3.279998585324538
261,1.243255339001855,3.4668809879032416
262,1.2967875879728883,3.6575282874365667
263,1.1479629991343099,3.151766215811439
264,1.3089495885395757,3.70228274878262
265,1.1465816280713033,3.1474154628575084
266,1.3072016482587225,3.695817032124434
267,1.2464703732953615,3.4780450660014215
268,1.196987367790954,3.3101296830509326
269,1.2053453120313864,3.337911500084052
270,1.2112923084429477,3.357821190547619
271,1.2234041116887102,3.3987377465908506
272,1.2334028776051689,3.432891392341977
273,1.2988483807620474,3.665073467213219
274,1.3041433684812294,3.684531455655155
275,1.2033454635671303,3.3312428532608855
276,0.963738862232943,2.621479524074301
277,1.2397600526683679,3.45478439900269
278,1.2464645268059538,3.4780247317072255
279,1.2217010427455264,3.392954388015652
280,1.18765058403152,3.279367551146495
281,1.2034589711439552,3.3316209960256025
282,1.0936545512078315,2.9851635955071822
283,1.208958563889183,3.3499940304802154
284,1.3979078099936928,4.046724587144396
285,1.1971773221381754,3.3107585162970086
286,1.3204539703756484,3.745121165467261
287,1.0863062919639868,2.963308237284554
288,1.184488601055346,3.2690146232937947
289,1.2783217084468463,3.5906085779258365
290,1.263234027653384,3.536841253912546
291,1.2745003889305655,3.5769138978305324
292,1.155186146395885,3.1746143055413585
293,1.2647255545671918,3.542120483910731
294,1.3082650111211098,3.6997491169485466
295,1.2436426372958989,3.4682239650451003
296,1.2210816505119348,3.3908534691323724
297,1.191206625897018,3.2910498785627444
298,1.2561415405728937,3.5118450005981723
299,1.233579144864649,3.4334965520331506
300,1.2158026098879828,3.373000181495973
301,1.1634743670526226,3.201035550711148
302,1.1699229688603396,3.2217444543226557
303,1.2869711514867337,3.621800042236087
304,1.2138646852400092,3.3664698909558677
305,1.2074463421921402,3.344931925299677
306,1.1903579306763077,3.288257965169047
307,1.1552133448929562,3.174700651453484
308,1.2749221013543373,3.578422644966355
309,1.212700784749906,3.3625539343338495
310,1.2490878525123195,3.487160701466095
311,1.272057633619888,3.5681870355448386
312,1.1483520684670327,3.1529927099700834
313,1.1041785848379055,3.016745450341189
314,1.2279349252381915,3.4141717314754128
315,1.2842618177586493,3.6120006581205844
316,1.3273939345480736,3.7712025695017504
317,1.2349027823252001,3.4380442657882657
318,1.1348293964399083,3.1106428108963167
319,1.202016692677593,3.326819334303962
320,1.265473829170911,3.544771954602529
321,1.367920633763731,3.9271761619763024
322,1.2872556199863818,3.6228304768162682
323,1.212462024292226,3.3617511852536963
324,1.163119758261812,3.199900636602321
325,1.2599092136664538,3.5251014418024407
326,1.2455508418396402,3.474848364118029
327,1.2347486156805196,3.437514274894055
328,1.249956914489259,3.49019257749248
329,1.2093427324704569,3.35128124017111
330,1.1963294836402179,3.3079527173696994
331,1.2335196602746608,3.433292317972977
332,1.241398928085787,3.460451002386858
333,1.161654775945879,3.1952162708512377
334,1.1802291333508983,3.255119973993109
335,1.2932407915253716,3.644578757348819
336,1.2247021743061126,3.403152385625128
337,1.2639330393938588,3.5393144117557083
338,1.190153718551267,3.287586531582071
339,1.2743389887445686,3.5763366298489605
340,1.192926262694635,3.2967141578924544
341,1.1241217278131268,3.0775127677635417
342,1.1646781693516812,3.2048912849717213
343,1.18890883115453,3.283496402946238
344,1.2312635459400318,3.425555149209987
345,1.228361062022867,3.4156269456775235
346,1.251923587851423,3.4970634003810495
347,1.1938275434322005,3.2996867622345167
348,1.2058102148890826,3.3394636654542795
349,1.257363341633372,3.516138398849309
350,1.2298309435433603,3.4206512042336787
351,1.2629140402854429,3.535709690441544
352,1.2276823920349964,3.4133096486086605
353,1.3197606468106955,3.74252548463696
354,1.119410786002112,3.0630488802079823
355,1.3330807388039336,3.792709755942018
356,1.2315520885382583,3.4265437104072576
357,1.0861667456607986,2.9628947474259957
358,1.2037689047460338,3.3326537373540144
359,1.1361293465001128,3.1146891206360996
360,1.2581755044940257,3.5189952358211833
361,1.2131052583645578,3.36391427377029
362,1.2572032319568442,3.515575476133532
363,1.1914096154692442,3.291717995177828
364,1.2901001272875365,3.6331503150276467
365,1.1771016582554472,3.2449555700866988
366,1.184351050008772,3.26856499783503
367,1.3385292758257037,3.8134308740882457
368,1.2161790357958044,3.3742701051524624
369,1.254954933951961,3.5076802934919575
370,1.2443927480026113,3.470826492944549
371,1.2794961023309657,3.5948278437350654
372,1.2277221193449324,3.4134452529125574
373,1.2623274638913178,3.5336363347508533
374,1.1827941002981712,3.2634799661041276
375,1.255527780198736,3.509690230620477
376,1.2832422534110628,3.6083198677462756
377,1.2872460631228677,3.622795854085309
378,1.072682252464284,2.923209780525217
379,1.1540659861565774,3.1710602197655673
380,1.1836821471014785,3.2663793762711024
381,1.1377004342943897,3.1195864167302174
382,1.2602724389702857,3.5263820804107717
383,1.2372247884531897,3.4460367012927593
384,1.2827961494132631,3.606710540818211
385,1.176002078587376,3.241389443897272
386,1.3126631304213816,3.716056890425218
387,1.3794811782361314,3.9728398969027654
388,1.2550768676648303,3.5081080240505593
389,1.3243898762699173,3.759890656534033
390,1.1482256756671507,3.1525942195771512
391,1.3402908925751373,3.8201545983626897
392,1.3132277632302785,3.71815569053522
393,1.3263241385151905,3.767170309186308
394,1.2188181086359327,3.3831868104844744
395,1.2030227906921993,3.330168124954491
396,1.2245157744894815,3.4025180977618863
397,1.3113166848969344,3.7110567891938726
398,1.1738824962961407,3.234526328271615
399,1.1987264116913279,3.315891152157521
400,1.1679994266043432,3.215553249158081
401,1.2626955388787,3.5349372172966564
402,1.3136068360529929,3.7195654094843125
403,1.1999664146701554,3.320005417387057
404,1.2486794331407411,3.4857367682845504
405,1.2269552650848667,3.410828641286975
406,1.2340498486988924,3.435113092451094
407,1.2641137097187847,3.539953918608711
408,1.2057289845300716,3.339192410639043
409,1.1454944581928057,3.1439955469228122
410,1.3493910945938574,3.8550774383931388
411,1.1705316789969826,3.223706159824115
412,1.234244030064581,3.4357801921697515
413,1.2387145066447072,3.451174150581032
414,1.2978578692600817,3.6614449671205973
415,1.19122411995912,3.2911074528973043
416,1.2248956267207016,3.403810797354957
417,1.2204665999895585,3.388768564161551
418,1.2547326108533299,3.5069005418217167
419,1.09309257655963,2.983486480537959
420,1.286422806465837,3.6198145906222456
421,1.214774926319775,3.3695355851931557
422,1.2096886380631169,3.352440667609319
423,1.2159010071569265,3.373332091831246
424,1.1354266711256686,3.1125012740549582
425,1.2812282944363633,3.601060172383152
426,1.208858879108412,3.349660103703688
427,1.1928699471616377,3.2965285069050787
428,1.2230235903047242,3.3974447002312096
429,1.2501378483672845,3.4908241287033634
430,1.1948842562122564,3.303175426339691
431,1.3145298751426426,3.723000298778442
432,1.223226501691953,3.398134150394646
433,1.2410143119216437,3.459120312914859
434,1.2648238958162525,3.54246883759193
435,1.2165397269202347,3.3754873939502565
436,1.303966656985077,3.6838804141139625
437,1.2053520304481389,3.3379339256399243
438,1.2683658067108559,3.5550381931900046
439,1.1110404974800865,3.037517279819913
440,1.1096938180728835,3.0334294709519534
441,1.2121409423084768,3.3606719607833027
442,1.1870323488801178,3.277340757434123
443,1.2315192675122217,3.426431249572473
444,1.2101219074148104,3.353893492113403
445,1.29089153610848,3.6360267603067236
446,1.2245730029556263,3.4027128242255467
447,1.1744587406403126,3.2363907429019583
448,1.2987668264166177,3.6647745767337225
449,1.3181640607211444,3.7365549879826276
450,1.2696922439275338,3.55975685696994
451,1.183432023867078,3.265562481063225
452,1.3136806781047048,3.7198400799666165
453,1.166807396022852,3.2117224949903354
454,1.2744518846859354,3.5767404065313775
455,1.2844374902726634,3.6126352430947537
456,1.2082248896197458,3.3475371274507593
457,1.2039521938930935,3.333264632598503
458,1.3886241794822165,4.009330137992339
459,1.1364022902980053,3.1155393717440454
460,1.1374929192055527,3.118939122641783
461,1.246027724827854,3.4765058553727792
462,1.1739495101225457,3.234743093520533
463,1.2112789977239808,3.357776495830871
464,1.220229062213152,3.387963699208764
465,1.244282067571937,3.470442361631816
466,1.1762127772577173,3.242072472297221
467,1.2279094837061533,3.414084870820861
468,1.2846872337276414,3.613537587774588
469,1.2912601727890838,3.6373673802278863
470,1.3072205289085002,3.695886812210204
471,1.227781872692266,3.41364922378627
472,1.1648671369545904,3.20549696282037
473,1.203190056538179,3.330725194931258
474,1.21041334093532,3.354871071544012
475,1.1483832515985561,3.1530910316894323
476,1.3099468069276845,3.705976574687133
477,1.096032129736072,2.9922695004512527
478,1.1977347101308022,3.3126044077315497
479,1.380484488687712,3.9768278889563016
480,1.2773178202077968,3.5870058168907115
481,1.085497369216259,2.9609121191107937
482,1.129747841620545,3.094876002806896
483,1.2989265250454212,3.6653598829435565
484,1.126020621734116,3.0833621900085326
485,1.194353789739916,3.3014236671895856
486,1.2193848008010755,3.3851045792841443
487,1.303719399316139,3.6829696590303516
488,1.24659849329982,3.4784907016975986
489,1.2213299580843535,3.3916955482687063
490,1.3091576090391044,3.703052979598541
491,1.264332336854971,3.540727933203382
492,1.2156423466288155,3.3724596568079956
493,1.342509835576872,3.8286407152972335
494,1.2093669227584227,3.351362309609907
495,1.196839026574498,3.3096386908052153
496,1.2322563034359078,3.42895758337847
497,1.122125766244135,3.07137629666848
498,1.2813019299146502,3.60132534793433
499,1.2085319242054584,3.3485650949285524
500,1.149814813253989,3.157608108371945
