analysis,estimate,se,rr,ci_low,ci_high,p_value,n,events,within_variance,between_variance,total_variance
BADL or death,1.0754940780089297,0.051929143141478507,2.931440903275875,2.6477572408382777,3.2455187495505564,2.7682320036374528e-95,27261,4670,0.002694858735107965,1.719844161482873e-06,0.002696635907408164
Pain threshold ≥ Some/Somewhat,1.1352043629006856,0.05657971062691733,3.111809416327147,2.7851678199452015,3.4767592007194814,1.5291789117100511e-89,26773,4006,0.0031982178689525234,2.9475345224310113e-06,0.003201263654625702
Next-wave IADL limitation,1.0101969375368276,0.051824957285961676,2.7461417801646557,2.4808965855076615,3.0397456793720976,1.2716647406540449e-84,25403,4147,0.002685274559494394,5.338434167981313e-07,0.002685826197691752
Severe BADL,1.0143860857318454,0.1239609379091648,2.757669904698456,2.162841026335049,3.516089814592563,2.7660868204792715e-16,26574,969,0.01536063173109488,5.499093120902794e-06,0.015366314127319813
Exclude proxy interviews,1.3151293856167166,0.05930003053666901,3.7252329456332567,3.316471198913977,4.184375399905707,5.657719016426063e-109,25554,3706,0.0035129480562404816,3.4311923316734358e-06,0.0035164936216498773
Window 1,1.2628654301920554,0.09574921936046764,3.5355378234405705,2.9305700494906524,4.2653912003063885,1.01116300699181e-39,9921,1489,0.009162178046152386,5.549963212805995e-06,0.009167913008138951
Window 2,1.0882397348971458,0.12014895369624075,2.9690431669477917,2.3460845406214252,3.757416740346628,1.3357042200969687e-19,8273,1064,0.01443038964770718,5.2078321879585655e-06,0.014435771074301404
Window 3,1.2868706091993458,0.08489226168996576,3.621435916480704,3.066331133117617,4.277032560355701,6.620025675755568e-52,8380,1430,0.0071958303557082244,1.0515231415551694e-05,0.007206696094837628
Complete cases for all Model 1 and Model 2 covariates,1.199991052219565,0.0646985415708475,3.3200872151922125,2.924670751448479,3.768964117080022,8.556074955283997e-77,20403,3008,,,
Community bootstrap (500 replicates),1.2262005479254763,,3.4082554015407536,3.0370228521849842,3.8169608293323285,,26574,3983,,,
