seed,age_landmark__completed_mean,age_landmark__imputed_only_mean,female__completed_mean,female__imputed_only_mean,education__completed_mean,education__imputed_only_mean,married__completed_mean,married__imputed_only_mean,rural__completed_mean,rural__imputed_only_mean,agricultural_hukou__completed_mean,agricultural_hukou__imputed_only_mean,bmi__completed_mean,bmi__imputed_only_mean,chronic_count__completed_mean,chronic_count__imputed_only_mean,arthritis__completed_mean,arthritis__imputed_only_mean,stroke__completed_mean,stroke__imputed_only_mean,cesd10__completed_mean,cesd10__imputed_only_mean,sleep_hours__completed_mean,sleep_hours__imputed_only_mean,smoking__completed_mean,smoking__imputed_only_mean,drinking__completed_mean,drinking__imputed_only_mean,fair_poor_health__completed_mean,fair_poor_health__imputed_only_mean,mobility_count__completed_mean,mobility_count__imputed_only_mean,iadl_count__completed_mean,iadl_count__imputed_only_mean
20260721,61.725345914163995,,0.5058972643734817,0.5333333333333333,1.0725627574551984,0.9523809523809523,0.8747315424426997,0.9285714285714286,0.6231384008731472,,0.7975565961342111,0.6666666666666666,23.61623477684116,23.868086491475953,1.8139633137344646,2.261744966442953,0.39376122240608386,0.6216216216216216,0.034679435270922085,0.0,7.435506462058696,8.616924498947162,6.321612474827206,6.102742788153285,0.7485476886244411,1.3870967741935485,2.3709115234306237,2.1176470588235294,0.743583424286167,0.7062314540059347,1.584550927718903,1.7019230769230769,0.19642291307256277,0.39622641509433965
20260719,61.725345914163995,,0.5060733021159737,0.8666666666666667,1.0726683801006935,1.0952380952380953,0.8746963348942013,0.8571428571428571,0.6231384008731472,,0.7976270112312079,1.0,23.608815206131165,23.825253551053986,1.815934936450375,2.6375838926174495,0.3935499771150935,0.4594594594594595,0.034679435270922085,0.0,7.432825167939949,8.535123428211662,6.321597446242854,6.101295815674142,0.7481251980424602,1.3096774193548386,2.370946730979122,2.176470588235294,0.743759462028659,0.7210682492581603,1.5857831919163468,1.7393162393162394,0.19638770552406437,0.3915094339622642
20260720,61.725345914163995,,0.5058972643734817,0.5333333333333333,1.0727740027461887,1.2380952380952381,0.8746611273457029,0.7857142857142857,0.6231384008731472,,0.7976270112312079,1.0,23.59984215587055,23.773452423705997,1.8155476534168926,2.563758389261745,0.39369080730908707,0.5675675675675675,0.034679435270922085,0.0,7.430119633380272,8.452582828750327,6.3224767052424315,6.185952064368959,0.7480547829454635,1.2967741935483872,2.370946730979122,2.176470588235294,0.7441115375136429,0.7507418397626113,1.5870858712107876,1.7788461538461537,0.19631729042706755,0.38207547169811323
20260718,61.725345914163995,,0.5058268492764849,0.4,1.0728444178431855,1.3333333333333333,0.8747667499911981,1.0,0.6231384008731472,,0.7976270112312079,1.0,23.600585234490197,23.77774219241205,1.8149139175439215,2.442953020134228,0.3934443544695983,0.3783783783783784,0.034679435270922085,0.0,7.4375614614706045,8.679618535785428,6.319592783943975,5.908284211351776,0.7480899904939619,1.303225806451613,2.3708763158821253,2.0588235294117645,0.7434425940921734,0.6943620178041543,1.5879660599232475,1.8055555555555556,0.19621166778157237,0.36792452830188677
20260723,61.725345914163995,,0.5060028870189769,0.7333333333333333,1.072879625391684,1.380952380952381,0.8746611273457029,0.7857142857142857,0.6231384008731472,,0.7976270112312079,1.0,23.602490700232597,23.788742384176544,1.8155124458683942,2.557046979865772,0.3936203922120903,0.5135135135135135,0.034679435270922085,0.0,7.429891627635048,8.445626816740003,6.322621461945533,6.199889436023935,0.7476674999119811,1.2258064516129032,2.3709819385276205,2.235294117647059,0.7440411224166461,0.744807121661721,1.5866633806288069,1.766025641025641,0.19645812062106116,0.4009433962264151
20260722,61.725345914163995,,0.5060028870189769,0.7333333333333333,1.0730556631341759,1.619047619047619,0.8746611273457029,0.7857142857142857,0.6231384008731472,,0.7976270112312079,1.0,23.600399876061836,23.776672124233052,1.8141393514769566,2.295302013422819,0.39369080730908707,0.5675675675675675,0.034679435270922085,0.0,7.4418670847515545,8.810974731326601,6.3231480164102525,6.2505868138591705,0.7484068584304475,1.3612903225806452,2.3709115234306237,2.1176470588235294,0.7435130091891702,0.7002967359050445,1.586945041016794,1.7745726495726495,0.19593000739358518,0.330188679245283
20260724,61.725345914163995,,0.5060028870189769,0.7333333333333333,1.0727740027461887,1.2380952380952381,0.8747315424426997,0.9285714285714286,0.6231384008731472,,0.7976270112312079,1.0,23.59368551126078,23.737910314589847,1.8143153892194486,2.3288590604026846,0.39365559976058867,0.5405405405405406,0.034679435270922085,0.0,7.4406865330549605,8.774958394228467,6.322736068317426,6.2109238929082835,0.7483716508819491,1.3548387096774193,2.3709115234306237,2.1176470588235294,0.7442523677076365,0.7626112759643917,1.5877900221807555,1.8002136752136753,0.19614125268457558,0.3584905660377358
20260725,61.725345914163995,,0.5058972643734817,0.5333333333333333,1.0729148329401823,1.4285714285714286,0.8746611273457029,0.7857142857142857,0.6231384008731472,,0.7975918036827095,0.8333333333333334,23.585686287631187,23.69173105671358,1.8144562194134422,2.3557046979865772,0.3934443544695983,0.3783783783783784,0.034679435270922085,0.0,7.4354174124719785,8.614207769181823,6.321601275219187,6.101664474707299,0.7479491602999683,1.2774193548387096,2.3707354856881317,1.8235294117647058,0.7438298771256557,0.7270029673590505,1.5852198711403724,1.7222222222222223,0.19596521494208358,0.33490566037735847
20260726,61.725345914163995,,0.5058972643734817,0.5333333333333333,1.0726331725521951,1.0476190476190477,0.8747667499911981,1.0,0.6231384008731472,,0.7975918036827095,0.8333333333333334,23.60573896853499,23.80749453145152,1.8137520684434743,2.221476510067114,0.3935499771150935,0.4594594594594595,0.034679435270922085,0.0,7.438693610891084,8.714158213540406,6.3218814248229895,6.128637658425302,0.7478083301059747,1.2516129032258065,2.3709819385276205,2.235294117647059,0.7440059148681477,0.7418397626112759,1.5872619089532796,1.7841880341880343,0.19635249797556595,0.3867924528301887
20260727,61.725345914163995,,0.5059324719219801,0.6,1.0728444178431855,1.3333333333333333,0.8746259197972045,0.7142857142857143,0.6231384008731472,,0.7975918036827095,0.8333333333333334,23.602122693062174,23.78661789074942,1.814773087349928,2.4161073825503356,0.3934443544695983,0.3783783783783784,0.034679435270922085,0.0,7.429150486297729,8.423016035425423,6.322612167170627,6.198994522492961,0.7486885188184347,1.4129032258064516,2.3710875611731157,2.411764705882353,0.7432665563496814,0.6795252225519288,1.5881773052142378,1.811965811965812,0.19617646023307397,0.3632075471698113
20260728,61.725345914163995,,0.5059324719219801,0.6,1.0727387951976903,1.1904761904761905,0.8747315424426997,0.9285714285714286,0.6231384008731472,,0.7976270112312079,1.0,23.611807984933723,23.842530765755015,1.8137520684434743,2.221476510067114,0.3934795620180967,0.40540540540540543,0.034679435270922085,0.0,7.440771913435639,8.777563183651072,6.322004662428037,6.140503142140997,0.7484068584304475,1.3612903225806452,2.3710875611731157,2.411764705882353,0.7430201035101925,0.658753709198813,1.5859944372073373,1.7457264957264957,0.19600042249058197,0.33962264150943394
20260729,61.725345914163995,,0.5058972643734817,0.5333333333333333,1.0726331725521951,1.0476190476190477,0.8747315424426997,0.9285714285714286,0.6231384008731472,,0.7976270112312079,1.0,23.601392213957126,23.782400858631423,1.8145618420589373,2.3758389261744965,0.39369080730908707,0.5675675675675675,0.034679435270922085,0.0,7.436216945764399,8.63859997552408,6.320938180746329,6.037820839749336,0.7478083301059747,1.2516129032258065,2.370841108333627,2.0,0.7436890469316622,0.7151335311572701,1.5862408900468261,1.7532051282051282,0.19617646023307397,0.3632075471698113
20260730,61.725345914163995,,0.5058972643734817,0.5333333333333333,1.0728444178431855,1.3333333333333333,0.8747315424426997,0.9285714285714286,0.6231384008731472,,0.7975565961342111,0.6666666666666666,23.604841324514705,23.802312461714102,1.8152659930289055,2.51006711409396,0.3935147695665951,0.43243243243243246,0.034679435270922085,0.0,7.435449608350521,8.615190002842635,6.3209311708093185,6.037145913509042,0.7480547829454635,1.2967741935483872,2.3709115234306237,2.1176470588235294,0.743583424286167,0.7062314540059347,1.5846213428158997,1.704059829059829,0.19621166778157237,0.36792452830188677
20260731,61.725345914163995,,0.5060028870189769,0.7333333333333333,1.0728092102946871,1.2857142857142858,0.8746963348942013,0.8571428571428571,0.6231384008731472,,0.7976270112312079,1.0,23.601608517218903,23.783649570327352,1.813998521282963,2.2684563758389262,0.3934091469210999,0.35135135135135137,0.034679435270922085,0.0,7.443799066937711,8.869915751770645,6.322211774305164,6.160444154500539,0.7481251980424602,1.3096774193548386,2.371017146076119,2.2941176470588234,0.7442171601591381,0.7596439169139466,1.585008625849382,1.7158119658119657,0.19642291307256277,0.39622641509433965
20260732,61.725345914163995,,0.5059324719219801,0.6,1.0727740027461887,1.2380952380952381,0.8747667499911981,1.0,0.6231384008731472,,0.7975565961342111,0.6666666666666666,23.60354247456248,23.794814243178926,1.8145970496074357,2.38255033557047,0.3935851846635919,0.4864864864864865,0.034679435270922085,0.0,7.436994601159453,8.66232472975144,6.321719246745036,6.113022933177388,0.7484420659789459,1.367741935483871,2.370946730979122,2.176470588235294,0.7436538393831638,0.712166172106825,1.5872619089532796,1.7841880341880343,0.19621166778157237,0.36792452830188677
20260733,61.725345914163995,,0.5059324719219801,0.6,1.0728444178431855,1.3333333333333333,0.8746611273457029,0.7857142857142857,0.6231384008731472,,0.7976270112312079,1.0,23.61352904600922,23.852466395374407,1.814773087349928,2.4161073825503356,0.39369080730908707,0.5675675675675675,0.034679435270922085,0.0,7.440655144331889,8.774000785311841,6.32053695598786,5.999190375970416,0.7485124810759427,1.3806451612903226,2.371017146076119,2.2941176470588234,0.7436890469316622,0.7151335311572701,1.5852902862373692,1.7243589743589745,0.19614125268457558,0.3584905660377358
20260734,61.725345914163995,,0.5057564341794881,0.26666666666666666,1.0728444178431855,1.3333333333333333,0.8746611273457029,0.7857142857142857,0.6231384008731472,,0.7976270112312079,1.0,23.599447455074834,23.771173828848095,1.8139633137344646,2.261744966442953,0.39372601485758546,0.5945945945945946,0.034679435270922085,0.0,7.4413637375597,8.79561858708359,6.3209934240324115,6.043139738239649,0.7481604055909588,1.3161290322580645,2.3709115234306237,2.1176470588235294,0.743759462028659,0.7210682492581603,1.5862760975953245,1.7542735042735043,0.19624687533007076,0.37264150943396224
20260735,61.725345914163995,,0.5059676794704785,0.6666666666666666,1.0726683801006935,1.0952380952380953,0.8746963348942013,0.8571428571428571,0.6231384008731472,,0.7976270112312079,1.0,23.589873800914713,23.715905434720106,1.814350596767947,2.335570469798658,0.3935851846635919,0.4864864864864865,0.034679435270922085,0.0,7.435064289770365,8.60343468207768,6.321898906017913,6.130320771575739,0.7481956131394571,1.3225806451612903,2.3710523536246173,2.3529411764705883,0.743759462028659,0.7210682492581603,1.5837763616519382,1.6784188034188035,0.19631729042706755,0.38207547169811323
20260736,61.725345914163995,,0.5059676794704785,0.6666666666666666,1.073161285779671,1.7619047619047619,0.8746259197972045,0.7142857142857143,0.6231384008731472,,0.7976270112312079,1.0,23.58518698646266,23.68884860730509,1.81494912509242,2.4496644295302015,0.3936203922120903,0.5135135135135135,0.034679435270922085,0.0,7.441122046613632,8.788245066201565,6.322726823365329,6.210033776384818,0.7478787452029715,1.264516129032258,2.3710523536246173,2.3529411764705883,0.7437242544801606,0.7181008902077152,1.5871562863077844,1.7809829059829059,0.19614125268457558,0.3584905660377358
20260737,61.725345914163995,,0.5059324719219801,0.6,1.0727387951976903,1.1904761904761905,0.8747315424426997,0.9285714285714286,0.6231384008731472,,0.7976270112312079,1.0,23.59447820076931,23.742486485344088,1.8150195401894167,2.4630872483221475,0.39369080730908707,0.5675675675675675,0.034679435270922085,0.0,7.431767333561548,8.502850957911193,6.322989673950718,6.235341387153637,0.7479843678484667,1.2838709677419355,2.370946730979122,2.176470588235294,0.743231348801183,0.6765578635014837,1.5884237580537268,1.8194444444444444,0.19638770552406437,0.3915094339622642
20260739,61.725345914163995,,0.5058620568249833,0.4666666666666667,1.0729500404886807,1.4761904761904763,0.8747667499911981,1.0,0.6231384008731472,,0.7975918036827095,0.8333333333333334,23.602196496967327,23.787043958293722,1.8153012005774039,2.5167785234899327,0.39372601485758546,0.5945945945945946,0.034679435270922085,0.0,7.440126563313494,8.757874806079327,6.323948451345735,6.327653774783041,0.7485124810759427,1.3806451612903226,2.370946730979122,2.176470588235294,0.7435482167376686,0.7032640949554896,1.5859240221103406,1.7435897435897436,0.19617646023307397,0.3632075471698113
20260738,61.725345914163995,,0.5059324719219801,0.6,1.0726331725521951,1.0476190476190477,0.8746259197972045,0.7142857142857143,0.6231384008731472,,0.7975918036827095,0.8333333333333334,23.61346688845809,23.852107561853085,1.8158645213533782,2.6241610738255035,0.3934795620180967,0.40540540540540543,0.034679435270922085,0.0,7.431016165105372,8.47993426869443,6.3237321002922195,6.306823201993222,0.7479843678484667,1.2838709677419355,2.3709115234306237,2.1176470588235294,0.7441115375136429,0.7507418397626113,1.5866985881773052,1.767094017094017,0.19614125268457558,0.3584905660377358
20260740,61.725345914163995,,0.5058972643734817,0.5333333333333333,1.0728092102946871,1.2857142857142858,0.8747667499911981,1.0,0.6231384008731472,,0.7976270112312079,1.0,23.60099403550034,23.780102187349232,1.8141393514769566,2.295302013422819,0.3935147695665951,0.43243243243243246,0.034679435270922085,0.0,7.425916464020854,8.324352303169684,6.320176636554922,5.9644983323983665,0.7486181037214379,1.4,2.371017146076119,2.2941176470588234,0.7441115375136429,0.7507418397626113,1.587649191986762,1.795940170940171,0.19571876210259478,0.3018867924528302
20260741,61.725345914163995,,0.5058972643734817,0.5333333333333333,1.0728444178431855,1.3333333333333333,0.8746963348942013,0.8571428571428571,0.6231384008731472,,0.7976270112312079,1.0,23.59388756316485,23.73907675366125,1.8160757666443685,2.664429530201342,0.3935851846635919,0.4864864864864865,0.034679435270922085,0.0,7.431874206282274,8.50611143684432,6.322260059701043,6.165093137887487,0.7479491602999683,1.2774193548387096,2.3710523536246173,2.3529411764705883,0.7431961412526846,0.6735905044510386,1.5856071541738548,1.733974358974359,0.19603563003908037,0.3443396226415094
20260742,61.725345914163995,,0.5058972643734817,0.5333333333333333,1.0727387951976903,1.1904761904761905,0.8747315424426997,0.9285714285714286,0.6231384008731472,,0.7976270112312079,1.0,23.589403381596156,23.713189719292227,1.8146322571559341,2.389261744966443,0.3935147695665951,0.43243243243243246,0.034679435270922085,0.0,7.4391615661305766,8.728434618123982,6.323065052248049,6.24259891182846,0.7485124810759427,1.3806451612903226,2.3708059007851285,1.9411764705882353,0.7434425940921734,0.6943620178041543,1.586769003274302,1.7692307692307692,0.19659895081505474,0.419811320754717
20260743,61.725345914163995,,0.5058268492764849,0.4,1.0729148329401823,1.4285714285714286,0.8747315424426997,0.9285714285714286,0.6231384008731472,,0.7975918036827095,0.8333333333333334,23.60569177671412,23.807222094604345,1.815230785480407,2.5033557046979866,0.39365559976058867,0.5405405405405406,0.034679435270922085,0.0,7.433754436834624,8.563473615553729,6.321823727470356,6.123082479079954,0.7482660282364539,1.335483870967742,2.370946730979122,2.176470588235294,0.7440059148681477,0.7418397626112759,1.5860296447558357,1.7467948717948718,0.19663415836355314,0.42452830188679247
20260744,61.725345914163995,,0.5059676794704785,0.6666666666666666,1.0726331725521951,1.0476190476190477,0.8747315424426997,0.9285714285714286,0.6231384008731472,,0.7975918036827095,0.8333333333333334,23.61287523798105,23.848691982889846,1.8150899552864135,2.476510067114094,0.3936203922120903,0.5135135135135135,0.034679435270922085,0.0,7.4317403252829966,8.50202698784064,6.321170991785187,6.060236202246604,0.7480195753969651,1.2903225806451613,2.3709819385276205,2.235294117647059,0.7433721789951766,0.6884272997032641,1.5851494560433756,1.7200854700854702,0.19610604513607718,0.35377358490566035
20260745,61.725345914163995,,0.5060380945674753,0.8,1.0731260782311727,1.7142857142857142,0.8746963348942013,0.8571428571428571,0.6231384008731472,,0.7975918036827095,0.8333333333333334,23.61586240573863,23.86593680521066,1.815406823222899,2.5369127516778525,0.3934795620180967,0.40540540540540543,0.034679435270922085,0.0,7.434120466583035,8.57464047156244,6.324173579559953,6.349329424506564,0.7480195753969651,1.2903225806451613,2.3709115234306237,2.1176470588235294,0.7437242544801606,0.7181008902077152,1.5851494560433756,1.7200854700854702,0.19617646023307397,0.3632075471698113
20260746,61.725345914163995,,0.5059676794704785,0.6666666666666666,1.0729500404886807,1.4761904761904763,0.8746963348942013,0.8571428571428571,0.6231384008731472,,0.7975918036827095,0.8333333333333334,23.587739214583067,23.70358253724492,1.8151251628349119,2.4832214765100673,0.39369080730908707,0.5675675675675675,0.034679435270922085,0.0,7.443068349467008,8.847622982360983,6.321873277953435,6.12785326677793,0.7479843678484667,1.2838709677419355,2.3710523536246173,2.3529411764705883,0.7439354997711509,0.7359050445103857,1.5851494560433756,1.7200854700854702,0.19621166778157237,0.36792452830188677
20260747,61.725345914163995,,0.5059324719219801,0.6,1.0730556631341759,1.619047619047619,0.8746963348942013,0.8571428571428571,0.6231384008731472,,0.7976270112312079,1.0,23.58740548159378,23.701655907550876,1.8160405590958701,2.6577181208053693,0.3935147695665951,0.43243243243243246,0.034679435270922085,0.0,7.4413371275771585,8.79480676824996,6.3223993204204545,6.178501348780496,0.7484420659789459,1.367741935483871,2.3709819385276205,2.235294117647059,0.7434778016406718,0.6973293768545994,1.5865577579833117,1.7628205128205128,0.19670457346054995,0.4339622641509434
