imputation,window,alive_eligible,respondents,ipcw_p50,ipcw_p99,ipcw_max,combined_max,ess
1,1,10722,9921,0.9621685862719562,1.2231283962291815,1.4637223818063956,33.923622933312096,4626.089685672366
1,2,8851,8273,0.9713096730102198,1.2019659267932037,1.51638151769381,35.93135244146284,4585.114197033093
1,3,8830,8380,0.9825189933715627,1.1282387138778522,1.2438689249525543,25.64417246689509,5099.078801880246
2,1,10722,9921,0.9620309184749193,1.2179087848472732,1.4365506760086806,34.06655825438199,4617.94809849073
2,2,8851,8273,0.9714027049092342,1.1959160487498268,1.4753351930955767,36.36301728524255,4573.664771625469
2,3,8830,8380,0.9825150477843776,1.1275737353077686,1.2429536369751502,25.644233757257087,5099.14257274557
3,1,10722,9921,0.9620556706732966,1.2199730064554615,1.460831166122469,33.83281974486486,4618.0795477135825
3,2,8851,8273,0.9712800199631285,1.1960984040521145,1.4323149000641975,36.19165966379566,4579.240187830841
3,3,8830,8380,0.9824391156266981,1.1271427324968146,1.2576710475582376,25.73619931117244,5099.228174175351
4,1,10722,9921,0.9621131951393764,1.22053900307313,1.4552053544706676,33.96297003290879,4622.018468702779
4,2,8851,8273,0.9712705463501287,1.2047526089543772,1.4965476479362958,35.861444320035844,4586.523510950007
4,3,8830,8380,0.9825134090753371,1.1271860333000197,1.2373547629221515,25.63472326049593,5103.223846738925
5,1,10722,9921,0.9618588582719735,1.2205570215866175,1.461372837905952,33.79671195991182,4614.428405908258
5,2,8851,8273,0.9713504553694263,1.1962951788184344,1.4400056555884522,36.182000427512875,4577.032216441378
5,3,8830,8380,0.9824462114072363,1.1272699103167507,1.2408499494446616,25.680734436880684,5103.055353017865
6,1,10722,9921,0.9620043126978969,1.222341290870337,1.4664327057920015,33.7932715588129,4624.628103248468
6,2,8851,8273,0.9713663824602157,1.1953291107494102,1.44689698883633,36.23390664936678,4576.907664034557
6,3,8830,8380,0.9824875604367925,1.1303362933370302,1.2435860667109273,25.656844897411137,5098.939592505149
7,1,10722,9921,0.9619146952348557,1.2170938051674032,1.4574487631312114,33.87255916149073,4619.071079479373
7,2,8851,8273,0.9712931276900503,1.1951081406854707,1.4313662823517959,36.293987960501006,4575.407640370724
7,3,8830,8380,0.9823639763860142,1.127312535500607,1.238602662934812,25.691157672235885,5103.2052619097985
8,1,10722,9921,0.9621339702515703,1.2277850812865045,1.4887750429026614,33.86256251607649,4619.63625400595
8,2,8851,8273,0.9713726527954468,1.1979030564171345,1.442028310445922,36.09875758101564,4580.105177558927
8,3,8830,8380,0.9824993562042887,1.1271201213078073,1.2437807174212974,25.726749519883814,5100.181977640741
9,1,10722,9921,0.9619984367086146,1.222787451060592,1.460527509589807,33.90839673302944,4621.255316060367
9,2,8851,8273,0.9712682696025191,1.1994407785039496,1.4429704728294903,36.1799418992034,4576.232943775141
9,3,8830,8380,0.9823737023324194,1.1296839159103844,1.2437631436732637,25.76971512888354,5101.65409713601
10,1,10722,9921,0.9621020168659172,1.2200568825166922,1.4312622416991267,34.1810461470448,4616.522351058309
10,2,8851,8273,0.9714680271478213,1.1946395180326028,1.467651791260933,36.45981341597415,4571.8909415862845
10,3,8830,8380,0.9825332582721482,1.1271633634357596,1.240368662815327,25.657915100501324,5100.518609539826
11,1,10722,9921,0.9617508230286328,1.218699050424872,1.4528297874486211,34.02674909738724,4613.879728753673
11,2,8851,8273,0.9713835894469837,1.19451496242085,1.4731428637902064,36.41363819696675,4573.7945837421075
11,3,8830,8380,0.982434461390219,1.1279441994854331,1.2349401918472616,25.733415961140288,5102.0911386034695
12,1,10722,9921,0.9621062477449537,1.2184454612303945,1.4270100255018268,34.19393808858727,4613.220563499365
12,2,8851,8273,0.9713087201862282,1.2097728576101423,1.5818102946235117,36.208702913599616,4578.116914006636
12,3,8830,8380,0.9824783124243899,1.1276686328816559,1.2601918099760456,25.782057924129795,5101.003066986033
13,1,10722,9921,0.9620188750131771,1.2195719347214116,1.4424068632056242,34.04521125617709,4616.4535664247705
13,2,8851,8273,0.9711939565887625,1.213465887424723,1.5980134453646153,36.48814990873657,4569.005007820887
13,3,8830,8380,0.9824217099035557,1.1306301706389543,1.2899568934931416,25.759702071306595,5098.912960134989
14,1,10722,9921,0.9620246344476583,1.2223814611904846,1.460907191148127,33.80722832718728,4619.616668479674
14,2,8851,8273,0.9711466980832618,1.202706374758713,1.4666087550206912,36.08768132040413,4581.934873294874
14,3,8830,8380,0.9824641896203479,1.126733492283522,1.2356864938588743,25.68903346609963,5101.712845248485
15,1,10722,9921,0.9620392329760376,1.221797038198443,1.4445986414763303,33.967985965574684,4618.949148830313
15,2,8851,8273,0.9711173908704201,1.2116217307097792,1.5985039965911114,36.316732664493514,4575.17072611101
15,3,8830,8380,0.9825706815043691,1.1269790772471222,1.240390492049296,25.564690543391684,5101.446544426816
16,1,10722,9921,0.9622027115165932,1.2189235439250057,1.4302602917669098,34.25031347928502,4616.810212523218
16,2,8851,8273,0.9712171242167589,1.1999769823565207,1.509114803318445,36.256086233664945,4576.928319167596
16,3,8830,8380,0.9824036122173478,1.1275491832348796,1.2358057480451667,25.63917409869922,5103.717531501647
17,1,10722,9921,0.9621958620550419,1.2187945340668866,1.4376552360103279,34.264488393962075,4613.4082087712195
17,2,8851,8273,0.9713228722009841,1.1964441248579498,1.4232017781849533,36.115299834939115,4579.475007204525
17,3,8830,8380,0.9824373594479288,1.1297108373219829,1.2414710731472878,25.811083232209608,5099.324079198121
18,1,10722,9921,0.9620839606401141,1.2261809605926253,1.4709710496560042,33.96443061628287,4619.801756588113
18,2,8851,8273,0.9711275739336184,1.2001768223258682,1.4552123096704277,36.16388975068246,4579.003740557344
18,3,8830,8380,0.9824642350098374,1.1263772426374188,1.232137312989309,25.590219426227875,5102.422219980801
19,1,10722,9921,0.9620951942306804,1.220121553809578,1.4282142422588693,34.26179470630141,4611.797884130181
19,2,8851,8273,0.9713061747731944,1.1964415409852651,1.432934196107056,36.30131644020305,4576.592426278293
19,3,8830,8380,0.9824350771097632,1.125751593804771,1.2347614403577205,25.539697063653932,5102.369715352306
20,1,10722,9921,0.9620343211591712,1.2204991278835706,1.46583412231921,33.90169535825867,4621.987181291497
20,2,8851,8273,0.9709195455285069,1.2073444465097343,1.4836944470022515,36.038199741609304,4584.380377530273
20,3,8830,8380,0.9825458444179966,1.1271963502319713,1.2369388601506013,25.68786729469243,5101.573451618907
21,1,10722,9921,0.9620772182374037,1.2205065387156704,1.4379012899116241,34.131629084186464,4617.381794683981
21,2,8851,8273,0.9712121289859429,1.2015285753335447,1.4789115582613184,36.04797208703133,4582.100136287308
21,3,8830,8380,0.9824571385522762,1.1294044826918217,1.2617503457533437,25.76505639622244,5098.004430819904
22,1,10722,9921,0.9620035872518619,1.2181640825285371,1.4397299219888127,34.143875118695945,4614.388619699745
22,2,8851,8273,0.97148698703248,1.199638142290074,1.4545052121255782,36.09928855066258,4581.321128916014
22,3,8830,8380,0.982416841244802,1.1260666347358503,1.2400219650662525,25.62292640595594,5102.411452309092
23,1,10722,9921,0.9620915733295721,1.2208170649031724,1.4458825104360238,33.99143558100785,4622.888211481377
23,2,8851,8273,0.9713909986128498,1.196869497150379,1.4463548727692859,36.24623993968902,4577.273465907302
23,3,8830,8380,0.9825468169149871,1.1249054539915422,1.2421984035145928,25.595276493333994,5100.716887492055
24,1,10722,9921,0.9619107872714319,1.2202149567165659,1.4474560118254967,33.92903619365337,4617.982369068078
24,2,8851,8273,0.9712526658498634,1.2026670046976133,1.516354676153297,36.29916163871723,4575.782128593954
24,3,8830,8380,0.9824304882913106,1.1305136215574318,1.2773811657660967,25.71342989618644,5101.648392476559
25,1,10722,9921,0.962196308121736,1.2280159805300244,1.4872249786469816,33.8918124039938,4622.7709782721895
25,2,8851,8273,0.9712855532187877,1.1930026989134297,1.425200835647487,36.33036614291552,4575.107962609553
25,3,8830,8380,0.9825268953795747,1.126615288659254,1.2403481996570098,25.575320309772255,5100.643111671045
26,1,10722,9921,0.9619754232030218,1.2190446167034044,1.4305274753037118,34.24815465553023,4613.489070560434
26,2,8851,8273,0.9710553888820752,1.205680521465715,1.5016380762495174,36.12593486334728,4579.431410047245
26,3,8830,8380,0.9824026535692023,1.126307720797902,1.2452038455971342,25.608123575693927,5102.4836752989095
27,1,10722,9921,0.9619587958433847,1.223454199600691,1.4374894107397476,34.18655422623098,4616.829518987027
27,2,8851,8273,0.9711074327309824,1.2050663359143823,1.470772186784437,36.04632012397384,4581.710035769813
27,3,8830,8380,0.9823894061067353,1.1295090644996388,1.2342564199302106,25.777274681898547,5102.543816925247
28,1,10722,9921,0.9620756882730547,1.2170567902128357,1.4367471619767442,34.16529687122215,4613.058788559608
28,2,8851,8273,0.9711483786026398,1.1948643202276843,1.4268367784244,36.3040828908404,4575.661149365875
28,3,8830,8380,0.9824220300300688,1.1274231995532358,1.2388781801393158,25.692139684161038,5099.645235035084
29,1,10722,9921,0.9622052327579156,1.2194329268948978,1.4411002028503987,34.206408869078416,4616.389521930658
29,2,8851,8273,0.9713282364493848,1.1988230838030631,1.4794880450719405,36.160845280490626,4579.808806323725
29,3,8830,8380,0.982594593711891,1.1253591840156558,1.2420015951385839,25.621392098644343,5099.404983159067
30,1,10722,9921,0.9617987865849877,1.2199909635789037,1.4544072947220985,33.78408564597365,4621.4657084391665
30,2,8851,8273,0.9711007376400151,1.2025143451107032,1.549520202839399,36.41880124650128,4572.510811056013
30,3,8830,8380,0.9825312974097954,1.12857948374154,1.2668735162286704,25.74082324391649,5095.076821244655
