variable,missing_n,missing_pct
age_landmark,0,0.0
female,15,0.05281132274759708
education,21,0.07393585184663592
married,14,0.04929056789775728
rural,0,0.0
agricultural_hukou,6,0.021124529099038832
bmi,4920,17.322113861211843
chronic_count,149,0.5245924726261311
arthritis,37,0.1302679294440728
stroke,2,0.007041509699679612
cesd10,931,3.277822765200859
sleep_hours,295,1.0386226807027428
smoking,155,0.5457170017251699
drinking,17,0.059852832447276696
fair_poor_health,337,1.1864943843960145
mobility_count,936,3.295426539450058
iadl_count,212,0.7464000281660388
phc_present,0,0.0
