model,term,log_rr,se,rr,ci_low,ci_high
Model 0,Intercept,-2.404684750250263,0.041471040713653734,0.09029395627055756,0.08324493523011227,0.09793987485787806
Model 0,Non-axial/no-axial,0.6602331320691555,0.05588205640447389,1.935243449124948,1.734474180579057,2.1592522098718674
Model 0,Incident isolated,0.600536686536143,0.11493056290541795,1.823096969479543,1.4553883660310554,2.2837083473392092
Model 0,Persistent isolated,0.6113497928704602,0.24105694324941013,1.8429172772954043,1.148984126944654,2.9559538824834495
Model 0,Spread to multisite,1.0225739131278124,0.14326185657109325,2.7803419205074302,2.0996710177616693,3.6816725713401257
Model 0,Incident multisite,0.8653950788349454,0.0709197717943443,2.375944585993087,2.0676078812477994,2.7302626996677155
Model 0,Persistent multisite,1.3530675913944876,0.06027422357459943,3.8692767040450966,3.438138231789412,4.3544794313503
Model 0,Improvement/contraction,0.9310954932463423,0.06869160841016299,2.5372872366993784,2.2176763105898734,2.9029604053466156
Model 0,Window 2,-0.14384769246715318,0.06545871927990903,0.8660196393295962,0.7617424426095083,0.9845716527692958
Model 0,Window 3,-0.020276879614645353,0.04362065663232813,0.9799273138444995,0.8996285108295422,1.067393406121654
Model 1,Intercept,-5.55132481186877,0.25521576848086797,0.003882310503964198,0.0023542155233979008,0.006402274855208011
Model 1,Non-axial/no-axial,0.5790098725779882,0.05604509774383867,1.7842709003076012,1.5986531300186237,1.991440535726102
Model 1,Incident isolated,0.5628384627768372,0.09867568036539447,1.7556487781712802,1.4469156157521768,2.130257354843723
Model 1,Persistent isolated,0.5995328347821383,0.2198848730383646,1.8212677686658427,1.1835974458922254,2.802486856230589
Model 1,Spread to multisite,0.9281178168651152,0.13945256823583183,2.5297432537662647,1.9247397872013192,3.3249174628853653
Model 1,Incident multisite,0.8023488858585751,0.06825358754897125,2.2307746143661498,1.9514483769196562,2.550083024976339
Model 1,Persistent multisite,1.228916643418678,0.05717326177514393,3.4175251317131696,3.055236642486658,3.8227736154621357
Model 1,Improvement/contraction,0.8385470223600174,0.06614285610705022,2.313003791266192,2.031769370266593,2.633166252383159
Model 1,Window 2,-0.19765392017904043,0.0631411869081704,0.8206538157237518,0.7251254196131753,0.9287671719207191
Model 1,Window 3,-0.16401818221224318,0.04219374280641106,0.8487265900129184,0.781361070253049,0.9219000690188858
Model 1,"Age, per 10 y",0.38470987694912206,0.02454339653640609,1.4691880142943492,1.4001856286685161,1.5415908984859215
Model 1,Female,0.1892170463301332,0.04014310318311295,1.2083031817952143,1.1168771859048527,1.307213181146326
Model 1,Primary education,-0.1052786213688233,0.054181841369313526,0.9000737078781886,0.8093894908896044,1.000918209011053
Model 1,Middle education,-0.27511855352673664,0.05661174177671384,0.7594820786086082,0.6797177996868001,0.8486066246807654
Model 1,High education+,-0.32950663779649586,0.09499897403966548,0.7192785107388643,0.5970797279124124,0.8664865876783074
Model 1,Married,-0.031901009523734244,0.046709398572786165,0.9686024597524341,0.8838645688616631,1.061464344301944
Model 1,Rural,0.1146948242984285,0.06745922673842593,1.1215311212945147,0.9826274140761022,1.2800701853151384
Model 1,Agricultural hukou,0.19330538662704563,0.08467660916554105,1.213253248267518,1.0277163785994867,1.4322856724708608
Model 1,"BMI, per 5 kg/m2",0.13419354749707008,0.021388548961706142,1.1436141418805486,1.0966630645864233,1.1925753202989515
Model 2,Intercept,-5.316836624081747,0.2944803778271675,0.004908255851146321,0.002755880836464765,0.008741660808243045
Model 2,Non-axial/no-axial,0.2810123119488447,0.05693754485311279,1.3244699106406597,1.1846113238540317,1.480840600514665
Model 2,Incident isolated,0.3309529548235259,0.09362208953415374,1.3922942900368447,1.1588795803368384,1.6727220178525921
Model 2,Persistent isolated,0.29790940044270114,0.20604598202303198,1.3470397411467356,0.8994779636614947,2.0172990751683733
Model 2,Spread to multisite,0.3829005040344921,0.13731138921519792,1.4665321087811176,1.1204945845400665,1.9194349136179043
Model 2,Incident multisite,0.3089609174451722,0.06808229089426618,1.3620091386663726,1.191865381512049,1.5564416272056654
Model 2,Persistent multisite,0.5018993229306198,0.0655665153703201,1.6518557005207168,1.4526492419625605,1.8783799808798671
Model 2,Improvement/contraction,0.47831985347774314,0.06561348419006792,1.613361440131427,1.418666611471989,1.8347757785052698
Model 2,Window 2,-0.2106356597834626,0.05802099266114967,0.8100691538929188,0.7229922288213574,0.9076335926301241
Model 2,Window 3,-0.15412589111811564,0.042512749030709764,0.8571641048711873,0.7886356284282016,0.9316473618418506
Model 2,"Age, per 10 y",0.2645989250116964,0.026290094352918538,1.30290830703669,1.2374716920401228,1.3718051632733215
Model 2,Female,0.12424285913763249,0.05388478322324013,1.1322908247835604,1.0188032804362603,1.25842008610341
Model 2,Primary education,-0.06845840133363465,0.049388192662633786,0.933832305474076,0.847673908547662,1.0287479252972616
Model 2,Middle education,-0.19099345221378133,0.05301829677457439,0.8261379975084789,0.7445991091994943,0.9166059729255758
Model 2,High education+,-0.23783884776934666,0.08975233147924043,0.7883297219510252,0.6611639626507492,0.9399540592318407
Model 2,Married,0.0016433717607007025,0.0466914955820622,1.0016447228360776,0.9140482128958856,1.0976359196707302
Model 2,Rural,0.05709574942135231,0.06146763094930057,1.0587571809297642,0.9385859852884862,1.1943144109762072
Model 2,Agricultural hukou,0.22401404787804638,0.08310595891830158,1.2510885944449162,1.0630332395074624,1.4724117863665054
Model 2,"BMI, per 5 kg/m2",0.10386910337697601,0.022191488397663432,1.1094552214686195,1.0622335204926248,1.1587761680436723
Model 2,Chronic count,0.033080696036350526,0.015231337646570304,1.0336339460384438,1.003232487505306,1.0649566752565458
Model 2,Arthritis,0.16846156442124807,0.056901281066099964,1.1834827381266888,1.0585870566721411,1.3231140345197319
Model 2,Stroke,0.23294586378511611,0.13298902950383354,1.2623131406220471,0.9726678382688039,1.6382102936837712
Model 2,"CES-D, per 5",0.0882018301220277,0.017991948185819492,1.092208540366901,1.0543638630749788,1.1314115908442937
Model 2,"Sleep, per 2 h",-0.020142432479452316,0.0197033475318824,0.980059071121539,0.9429321089964673,1.0186478684131994
Model 2,Former smoker,0.15526180392281827,0.07067064549659173,1.1679636985597386,1.016888361579539,1.341483738720756
Model 2,Current smoker,0.005142962821724588,0.0546153993160277,1.0051562105561491,0.9031169512446626,1.1187244423074587
Model 2,Drinks > monthly,0.056364842440134406,0.05304461126347417,1.0579836106532043,0.9535126418779926,1.1739008705812373
Model 2,Drinks ≤ monthly,0.2060400090227766,0.12906132262239395,1.2288023661936966,0.9541635527208132,1.5824910214371166
Model 2,Fair/poor health,0.2616863489897811,0.05742118866020876,1.299119008531593,1.1608364457778364,1.4538742339341633
Model 2,Mobility count,0.17698618927678414,0.012627429805772404,1.1936146083323236,1.164435507717884,1.2235248957810911
Model 2,IADL count,0.06532092610333454,0.020595215926197057,1.0675015585326615,1.0252682676550475,1.1114745412691023
