model,term,m,q_bar,within_variance,between_variance,total_variance
Model 0,Intercept,30,-2.404684750250263,0.0017196520781336808,1.888449095269669e-07,0.0017198472178735255
Model 0,Non-axial/no-axial,30,0.6602331320691555,0.0031226651028698005,1.3463721580723953e-07,0.003122804227992801
Model 0,Incident isolated,30,0.600536686536143,0.013208886613885954,1.4291213252855087e-07,0.013209034289756233
Model 0,Persistent isolated,30,0.6113497928704602,0.058107358020208597,1.0566469749098429e-06,0.05810844988874934
Model 0,Spread to multisite,30,1.0225739131278124,0.020523303877577274,6.345199540842397e-07,0.020523959548196496
Model 0,Incident multisite,30,0.8653950788349454,0.0050293362914884685,2.6878052264966304e-07,0.005029614031361873
Model 0,Persistent multisite,30,1.3530675913944876,0.0036328009634835493,1.7522326185378293e-07,0.003632982027520798
Model 0,Improvement/contraction,30,0.9310954932463423,0.004718251111711056,2.767299330173925e-07,0.004718537065975174
Model 0,Window 2,30,-0.14384769246715318,0.004282678208514156,2.0958592759126965e-06,0.004284843929765933
Model 0,Window 3,30,-0.020276879614645353,0.0019023710814091337,3.7800350935962027e-07,0.001902761685035472
Model 1,Intercept,30,-5.55132481186877,0.06371596213247431,0.00137334807948939,0.06513508848128001
Model 1,Non-axial/no-axial,30,0.5790098725779882,0.0031382287627331014,2.733114564512135e-06,0.0031410529811164304
Model 1,Incident isolated,30,0.5628384627768372,0.009733459309127267,3.319922367317221e-06,0.009736889895573494
Model 1,Persistent isolated,30,0.5995328347821383,0.04830321028782204,4.465848704097389e-05,0.04834935739109772
Model 1,Spread to multisite,30,0.9281178168651152,0.01942192392896726,2.4285347034263318e-05,0.019447018787569333
Model 1,Incident multisite,30,0.8023488858585751,0.0046572475681055546,1.2625598705122615e-06,0.0046585522133050835
Model 1,Persistent multisite,30,1.228916643418678,0.0032659348855862175,2.7551384737900766e-06,0.003268781862009134
Model 1,Improvement/contraction,30,0.8385470223600174,0.004372720171901952,2.087653641289352e-06,0.004374877413997951
Model 1,Window 2,30,-0.19765392017904043,0.003983905386200587,2.8104173921823313e-06,0.003986809484172509
Model 1,Window 3,30,-0.16401818221224318,0.0017781221384104325,2.1191550998057234e-06,0.001780311932013565
Model 1,"Age, per 10 y",30,0.38470987694912206,0.0006010692427263019,1.266842726098614e-06,0.0006023783135432705
Model 1,Female,30,0.1892170463301332,0.0016070791462514972,4.247987340537675e-06,0.001611468733170053
Model 1,Primary education,30,-0.1052786213688233,0.002930293967863084,5.204483522294554e-06,0.002935671934169455
Model 1,Middle education,30,-0.27511855352673664,0.003198216698600589,6.45736296071386e-06,0.003204889306993327
Model 1,High education+,30,-0.32950663779649586,0.009000341818480207,2.367411300854303e-05,0.009024805068589036
Model 1,Married,30,-0.031901009523734244,0.002179945675796786,1.7634573238180594e-06,0.002181767915031398
Model 1,Rural,30,0.1146948242984285,0.004548167664971592,2.4963940400968903e-06,0.004550747272146359
Model 1,Agricultural hukou,30,0.19330538662704563,0.007159992851355216,9.808343630879848e-06,0.007170128139773792
Model 1,"BMI, per 5 kg/m2",30,0.13419354749707008,0.00042007634548064883,3.6187433425792236e-05,0.00045747002668730083
Model 2,Intercept,30,-5.316836624081747,0.084744825388783,0.0019101943901113027,0.08671869292523135
Model 2,Non-axial/no-axial,30,0.2810123119488447,0.0032340801402015577,7.552135837425172e-06,0.0032418840139002304
Model 2,Incident isolated,30,0.3309529548235259,0.008751190201423498,1.345688450090473e-05,0.0087650956487411
Model 2,Persistent isolated,30,0.29790940044270114,0.042252580584349955,0.0001958381840183796,0.04245494670783562
Model 2,Spread to multisite,30,0.3829005040344921,0.018813632749732852,3.946921787875671e-05,0.01885441760820757
Model 2,Incident multisite,30,0.3089609174451722,0.004621447868960931,1.330690108117571e-05,0.004635198333411479
Model 2,Persistent multisite,30,0.5018993229306198,0.00427317790269187,2.4958098497954988e-05,0.004298967937806423
Model 2,Improvement/contraction,30,0.47831985347774314,0.00429888085164761,6.046892818725172e-06,0.004305129307560293
Model 2,Window 2,30,-0.2106356597834626,0.0033629902544511482,3.3341950974534067e-06,0.0033664355893851835
Model 2,Window 3,30,-0.15412589111811564,0.001803915303211897,3.3082518737584485e-06,0.001807333830148114
Model 2,"Age, per 10 y",30,0.2645989250116964,0.0006879022323276546,3.1614471848754263e-06,0.0006911690610853593
Model 2,Female,30,0.12424285913763249,0.002880745103065795,2.2088477370761277e-05,0.0029035698630155817
Model 2,Primary education,30,-0.06845840133363465,0.002429067591414484,9.799338451887309e-06,0.002439193574481434
Model 2,Middle education,30,-0.19099345221378133,0.002800289900929983,1.0306347045350263e-05,0.002810939792876845
Model 2,High education+,30,-0.23783884776934666,0.008026510703928005,2.803577615946347e-05,0.008055481005959451
Model 2,Married,30,0.0016433717607007025,0.0021773828429551213,2.625403291560655e-06,0.002180095759689734
Model 2,Rural,30,0.05709574942135231,0.0037739855567043012,4.145901111399026e-06,0.0037782696545194134
Model 2,Agricultural hukou,30,0.22401404787804638,0.006898777355065065,7.570696127771388e-06,0.006906600407730429
Model 2,"BMI, per 5 kg/m2",30,0.10386910337697601,0.00043593519848252017,5.4703508536558513e-05,0.0004924621573036307
Model 2,Chronic count,30,0.033080696036350526,0.00022914769491791818,2.7541466960435087e-06,0.0002319936465038298
Model 2,Arthritis,30,0.16846156442124807,0.0032308831157844067,6.650972108611905e-06,0.003237755786963306
Model 2,Stroke,30,0.23294586378511611,0.01767447036436938,1.1237036131093705e-05,0.01768608196837151
Model 2,"CES-D, per 5",30,0.0882018301220277,0.00031059724089961386,1.2689959956386532e-05,0.0003237101995212133
Model 2,"Sleep, per 2 h",30,-0.020142432479452316,0.000382420731517643,5.614037849509529e-06,0.0003882219039621362
Model 2,Former smoker,30,0.15526180392281827,0.004958355444218162,3.4823894213012083e-05,0.00499434013490494
Model 2,Current smoker,30,0.005142962821724588,0.0029649519815465224,1.73127686154544e-05,0.0029828418424491586
Model 2,Drinks > monthly,30,0.056364842440134406,0.0028098308541513535,3.7741257500683175e-06,0.0028137307840930908
Model 2,Drinks ≤ monthly,30,0.2060400090227766,0.016645057717209748,1.1387690159911727e-05,0.016656824997041658
Model 2,Fair/poor health,30,0.2616863489897811,0.0031199172579131447,0.00017155707990787933,0.003297192907151287
Model 2,Mobility count,30,0.17698618927678414,0.00015732581609177902,2.0575813625131554e-06,0.0001594519834997093
Model 2,IADL count,30,0.06532092610333454,0.00041967141124817374,4.346620450168226e-06,0.0004241629190466809
