start_state,landmark_state,intervals,events,unweighted_risk,start_label,landmark_label
0,0,13479,1202.0,0.0891757548779583,Pain-free,Pain-free
0,1,2413,400.0,0.16576875259013676,Pain-free,Non-axial pain only
0,2,640,100.0,0.15625,Pain-free,Isolated axial pain
0,3,2490,488.0,0.19598393574297188,Pain-free,Axial multisite pain
1,0,1601,261.0,0.16302311055590257,Non-axial pain only,Pain-free
1,1,593,120.0,0.20236087689713322,Non-axial pain only,Non-axial pain only
1,2,91,25.0,0.27472527472527475,Non-axial pain only,Isolated axial pain
1,3,604,159.0,0.2632450331125828,Non-axial pain only,Axial multisite pain
2,0,453,69.0,0.152317880794702,Isolated axial pain,Pain-free
2,1,64,15.0,0.234375,Isolated axial pain,Non-axial pain only
2,2,90,15.0,0.16666666666666666,Isolated axial pain,Isolated axial pain
2,3,193,46.0,0.23834196891191708,Isolated axial pain,Axial multisite pain
3,0,1343,259.0,0.1928518242740134,Axial multisite pain,Pain-free
3,1,675,207.0,0.30666666666666664,Axial multisite pain,Non-axial pain only
3,2,215,55.0,0.2558139534883721,Axial multisite pain,Isolated axial pain
3,3,1630,562.0,0.34478527607361964,Axial multisite pain,Axial multisite pain
