window,transition_code,transition,adjusted_risk,se,risk_ci_low,risk_ci_high,p_value,within_variance,between_variance,total_variance,risk_difference,rd_ci_low,rd_ci_high
1,0,Stable pain-free,0.08846361053513939,0.004546514138774169,0.07955244282314201,0.09737477824713676,2.519737335483712e-84,2.0665588644294335e-05,5.034357850728317e-09,2.0670790814073423e-05,0.0,0.0,0.0
1,1,Non-axial/no-axial,0.1673794266125793,0.013784632837539678,0.14036154625100153,0.19439730697415705,6.2901785000170575e-34,0.0001898892616842314,1.2274914343140497e-07,0.0001900161024657772,0.07891581607743985,0.049814036501270816,0.10801759565360888
1,2,Incident isolated,0.19896609891757164,0.0253242756290202,0.14933051868469205,0.24860167915045123,3.9427873342491985e-15,0.0006411395895882643,1.7356117386020367e-07,0.0006413189361345865,0.11050248838243229,0.06108017792448022,0.15992479884038435
1,3,Persistent isolated,0.12142967291046114,0.04763862615745288,0.02805796564185349,0.2148013801790688,0.01080400071827995,0.0022685459594351826,8.639445816494149e-07,0.0022694387021695538,0.03296606237532176,-0.060428509116581354,0.12636063386722488
1,4,Spread to multisite,0.1902825295105406,0.06127059136356973,0.07019217043794392,0.3103728885831373,0.0018988731146983807,0.003749611997265288,4.329066557668286e-06,0.0037540853660415455,0.10181891897540124,-0.018017350728703016,0.2216551886795055
1,5,Incident multisite,0.234558612214838,0.017667371873917044,0.1999305633419606,0.2691866610877154,3.174011882132774e-40,0.0003118687699906377,2.58637684487719e-07,0.000312136028931275,0.14609500167969855,0.11110546629537443,0.18108453706402267
1,6,Persistent multisite,0.3127669833431798,0.026470625516832626,0.2608845573301879,0.36464940935617174,3.241296517490994e-32,0.0007002661572442603,4.1405613690015065e-07,0.0007006940152523905,0.22430337280804047,0.1723094517348932,0.27629729388118773
1,7,Improvement/contraction,0.21637935372255943,0.015440454135914211,0.18611606361616756,0.2466426438289513,1.2835907442042156e-44,0.0002383353100383021,6.99811790014794e-08,0.0002384076239232703,0.12791574318742002,0.0949017002298653,0.16092978614497475
2,0,Stable pain-free,0.08686754018009252,0.007861746585400304,0.07145851687270792,0.10227656348747712,2.206981615752785e-28,6.177992675561557e-05,2.6257371713975765e-08,6.180705937305335e-05,0.0,0.0,0.0
2,1,Non-axial/no-axial,0.1506990435254266,0.011308750241295918,0.12853389305248658,0.1728641939983666,1.6369216380321788e-40,0.0001277737448015954,1.1040698556297644e-07,0.00012788783202001048,0.06383150334533409,0.03914865820230467,0.08851434848836351
2,2,Incident isolated,0.09124160482597667,0.030611971246578686,0.03124214118268244,0.15124106846927088,0.0028769769234126496,0.0009369715174531898,1.1735433693908335e-07,0.0009370927836013602,0.004374064645884146,-0.056848174756388675,0.06559630404815697
2,3,Persistent isolated,0.09170961044955774,0.057353090554587226,0.02552007973693952,0.2802068910639678,0.1098127821744932,0.003288360509321347,9.836969432281733e-07,0.003289376996162683,0.004842070269465212,-0.10907716339625399,0.11876130393518443
2,4,Spread to multisite,0.188173388856878,0.03968229041653703,0.11039609964046543,0.2659506780732906,2.116194745233378e-06,0.0015737881375635684,8.671307795015461e-07,0.0015746841727023867,0.10130584867678545,0.024138198504384367,0.17847349884918653
2,5,Incident multisite,0.16656768595557958,0.014386632426345457,0.1383698863999425,0.19476548551121667,5.3306624896465325e-31,0.00020649772183527383,4.620684537104111e-07,0.0002069751925707746,0.07970014577548705,0.049094767677625675,0.11030552387334842
2,6,Persistent multisite,0.2579136187533019,0.025009389994442775,0.20889521436419403,0.3069320231424097,6.17603455346449e-25,0.0006251518905671038,3.0744902615867297e-07,0.0006254695878941344,0.17104607857320936,0.12238232607088631,0.2197098310755324
2,7,Improvement/contraction,0.17397648805832475,0.016822917555624116,0.1410035696493015,0.206949406467348,4.566743193123254e-25,0.0002829179066828803,8.965974236684986e-08,0.000283010555083326,0.08710894787823226,0.052440125010547706,0.12177777074591681
3,0,Stable pain-free,0.09297489331769997,0.006231549815484383,0.08076105567935057,0.10518873095604936,2.4417349386092584e-50,3.88151207244088e-05,1.654101140771904e-08,3.8832213102863443e-05,0.0,0.0,0.0
3,1,Non-axial/no-axial,0.15842462540103652,0.01087269784861782,0.1371141376177456,0.17973511318432744,4.303990024999131e-48,0.00011815428224437419,5.929960932039546e-08,0.0001182155585073386,0.06544973208333653,0.0422873550380236,0.08861210912864946
3,2,Incident isolated,0.13574653751385277,0.01976467547716897,0.09700777357860159,0.17448530144910396,6.504485090473291e-12,0.00039036724271121335,2.6627807089455956e-07,0.0003906423967178044,0.042771644196152786,0.0009222999312768765,0.0846209884610287
3,3,Persistent isolated,0.3464358395639617,0.10013187962515611,0.15017735549865568,0.5426943236292676,0.0005405855075716594,0.009966215959951575,5.823615224049583e-05,0.010026393317266754,0.2534609462462617,0.05674210541827354,0.4501797870742499
3,4,Spread to multisite,0.28490686143883875,0.055727033441328525,0.17568187589383485,0.3941318469838426,3.1785040058193824e-07,0.0030905838090929997,1.4437206849627063e-05,0.0031055022561709477,0.19193196812113875,0.08246526279441825,0.30139867344785926
3,5,Incident multisite,0.20619855564044098,0.01674957211426967,0.1733693942964724,0.23902771698440956,7.935570180443788e-35,0.00028042960424569483,1.1473719234712845e-07,0.0002805481660111202,0.113223662322741,0.07751204007558543,0.14893528456989658
3,6,Persistent multisite,0.33670318141709743,0.017703617442855177,0.30200409122910127,0.3714022716050936,1.1897204452341909e-80,0.0003127879516987793,6.097924492129506e-07,0.00031341807056296605,0.24372828809939737,0.20702719123614666,0.2804293849626481
3,7,Improvement/contraction,0.22551330868451658,0.019371695222678353,0.187544786048067,0.26348183132096614,2.538675943523289e-31,0.000373852879975596,1.3642217658806024e-06,0.0003752625758003393,0.1325384153668166,0.09146263002260441,0.1736142007110288
